order_id,customer_id,product_id,order_date,quantity,payment_method
1001,130,121,2024-09-18,2,Paypal
1002,147,150,2024-07-26,2,Apple Pay
1003,190,139,2024-03-25,5,Paypal
1004,175,117,2024-04-16,1,Apple Pay
1005,167,137,2024-02-20,2,Paypal
1006,109,124,2025-01-18,2,Debit Card
1007,105,141,2024-01-12,5,Debit Card
1008,60,133,2024-05-22,4,Credit Card
1009,177,111,2024-01-29,3,Apple Pay
1010,30,113,2025-02-11,5,Paypal
1011,2,126,2025-01-02,3,Paypal
1012,23,129,2024-06-25,1,Credit Card
1013,144,124,2024-10-11,1,Paypal
1014,34,116,2024-09-17,5,Apple Pay
1015,96,108,2024-06-03,5,Paypal
1016,99,139,2024-06-02,2,Credit Card
1017,7,140,2024-10-04,4,Debit Card
1018,99,110,2024-10-15,5,Apple Pay
1019,172,140,2024-02-01,1,Paypal
1020,97,145,2024-01-11,3,Apple Pay
1021,187,143,2024-02-10,5,Credit Card
1022,62,109,2025-04-04,4,Credit Card
1023,96,104,2024-03-01,5,Apple Pay
1024,93,127,2024-06-11,2,Debit Card
1025,155,109,2025-04-16,2,Debit Card
1026,69,124,2025-04-18,1,Credit Card
1027,23,144,2024-09-07,2,Debit Card
1028,111,124,2024-11-17,4,Apple Pay
1029,120,123,2024-05-07,2,Apple Pay
1030,37,116,2024-04-21,3,Paypal
1031,44,110,2025-01-22,2,Apple Pay
1032,110,107,2024-06-13,5,Debit Card
1033,7,150,2024-04-06,3,Credit Card
1034,78,123,2024-10-14,1,Apple Pay
1035,91,116,2024-07-12,5,Debit Card
1036,43,129,2024-01-16,1,Apple Pay
1037,68,119,2025-02-11,2,Debit Card
1038,130,127,2024-08-12,5,Debit Card
1039,142,112,2024-08-18,2,Debit Card
1040,46,118,2025-03-01,2,Debit Card
1041,141,101,2024-10-02,5,Credit Card
1042,116,104,2024-01-14,2,Debit Card
1043,161,110,2024-11-04,1,Debit Card
1044,42,114,2024-09-29,5,Credit Card
1045,123,138,2025-02-06,5,Paypal
1046,168,136,2024-12-28,5,Apple Pay
1047,13,107,2024-06-28,5,Paypal
1048,4,144,2024-05-27,4,Paypal
1049,141,147,2024-12-27,4,Credit Card
1050,137,102,2024-01-16,1,Apple Pay
1051,126,140,2024-09-16,4,Credit Card
1052,4,127,2024-08-30,5,Apple Pay
1053,174,131,2024-08-15,3,Paypal
1054,16,115,2025-03-20,1,Credit Card
1055,131,125,2024-12-16,3,Paypal
1056,50,141,2025-04-17,5,Credit Card
1057,76,131,2024-02-29,2,Paypal
1058,76,137,2025-04-22,3,Paypal
1059,76,138,2025-01-08,3,Paypal
1060,128,127,2024-10-29,5,Credit Card
1061,102,125,2024-05-20,1,Apple Pay
1062,15,147,2024-05-14,3,Credit Card
1063,163,140,2024-11-10,2,Paypal
1064,199,143,2024-01-30,4,Debit Card
1065,92,119,2024-06-30,4,Apple Pay
1066,67,138,2024-06-21,1,Paypal
1067,128,123,2025-02-03,4,Credit Card
1068,22,134,2024-03-19,2,Paypal
1069,54,136,2024-03-17,2,Paypal
1070,30,120,2024-04-19,2,Credit Card
1071,7,114,2024-01-02,4,Debit Card
1072,186,111,2024-10-26,5,Debit Card
1073,127,117,2024-09-13,1,Apple Pay
1074,169,101,2025-03-27,4,Credit Card
1075,94,146,2024-01-04,4,Credit Card
1076,193,120,2024-12-02,1,Paypal
1077,146,145,2024-11-14,3,Debit Card
1078,189,104,2024-01-30,5,Apple Pay
1079,132,108,2025-05-10,4,Credit Card
1080,189,138,2024-10-06,3,Debit Card
1081,97,103,2024-10-05,5,Credit Card
1082,169,143,2025-05-02,1,Apple Pay
1083,170,130,2025-04-13,2,Credit Card
1084,102,104,2025-04-27,2,Debit Card
1085,126,114,2024-02-27,5,Apple Pay
1086,176,113,2024-08-27,4,Credit Card
1087,116,132,2024-08-29,2,Credit Card
1088,194,138,2024-08-06,2,Credit Card
1089,119,136,2024-09-19,5,Credit Card
1090,121,148,2024-03-04,4,Credit Card
1091,7,105,2024-08-06,1,Paypal
1092,187,108,2024-08-20,5,Apple Pay
1093,125,112,2024-05-12,5,Debit Card
1094,169,109,2024-09-25,5,Debit Card
1095,112,122,2025-05-15,2,Paypal
1096,172,116,2025-01-16,4,Apple Pay
1097,141,141,2024-01-23,2,Paypal
1098,190,129,2025-02-19,4,Debit Card
1099,67,149,2024-06-06,2,Debit Card
1100,170,102,2024-03-13,1,Apple Pay
1101,143,109,2024-03-31,1,Debit Card
1102,19,146,2025-03-20,5,Debit Card
1103,43,143,2024-09-12,2,Credit Card
1104,163,106,2024-09-14,4,Debit Card
1105,84,120,2024-08-31,3,Credit Card
1106,138,122,2024-01-21,5,Debit Card
1107,9,138,2024-05-04,2,Credit Card
1108,145,118,2024-10-11,1,Paypal
1109,199,139,2024-04-02,5,Credit Card
1110,173,130,2025-04-06,4,Credit Card
1111,199,119,2024-08-26,4,Paypal
1112,141,121,2024-07-25,2,Apple Pay
1113,193,108,2024-02-17,4,Paypal
1114,147,135,2024-06-26,3,Apple Pay
1115,159,110,2024-02-19,3,Credit Card
1116,79,112,2025-02-20,2,Paypal
1117,69,117,2025-04-30,4,Apple Pay
1118,32,135,2024-07-16,5,Paypal
1119,24,139,2024-01-18,2,Paypal
1120,64,108,2024-12-20,1,Apple Pay
1121,50,115,2024-12-30,5,Paypal
1122,157,107,2024-04-29,5,Apple Pay
1123,128,131,2024-11-18,4,Credit Card
1124,63,111,2024-02-09,1,Credit Card
1125,165,124,2025-03-01,5,Credit Card
1126,80,131,2024-02-06,1,Debit Card
1127,43,145,2024-04-21,4,Debit Card
1128,153,109,2024-05-31,4,Paypal
1129,5,138,2024-09-12,5,Paypal
1130,51,115,2025-04-10,4,Paypal
1131,115,102,2024-03-20,3,Apple Pay
1132,14,111,2024-01-25,1,Credit Card
1133,67,106,2024-06-23,3,Credit Card
1134,177,102,2024-09-16,4,Debit Card
1135,118,118,2024-10-10,1,Credit Card
1136,132,135,2024-01-06,2,Paypal
1137,55,128,2024-02-07,1,Apple Pay
1138,112,142,2024-12-15,2,Debit Card
1139,7,111,2024-10-29,3,Paypal
1140,18,102,2025-03-29,5,Paypal
1141,184,124,2025-03-21,1,Paypal
1142,67,149,2024-10-15,2,Debit Card
1143,57,130,2024-04-11,1,Paypal
1144,4,119,2024-04-18,2,Paypal
1145,132,116,2024-07-04,5,Debit Card
1146,104,106,2024-05-14,2,Paypal
1147,138,109,2025-04-12,4,Apple Pay
1148,184,143,2024-04-25,5,Debit Card
1149,173,117,2024-04-04,2,Paypal
1150,155,106,2025-02-01,1,Apple Pay
1151,12,106,2024-10-14,5,Paypal
1152,22,142,2024-11-28,1,Credit Card
1153,10,141,2024-11-04,4,Apple Pay
1154,38,125,2024-09-09,5,Paypal
1155,121,126,2024-04-15,3,Credit Card
1156,194,101,2024-03-27,1,Apple Pay
1157,42,134,2024-06-23,1,Paypal
1158,33,122,2024-12-30,3,Apple Pay
1159,121,131,2024-03-02,4,Paypal
1160,57,142,2024-07-06,5,Debit Card
1161,63,117,2025-01-16,2,Credit Card
1162,62,140,2024-08-04,1,Debit Card
1163,164,144,2024-05-11,2,Debit Card
1164,21,113,2024-07-23,4,Debit Card
1165,1,137,2024-09-08,3,Paypal
1166,21,121,2024-01-13,2,Paypal
1167,156,139,2024-09-21,4,Credit Card
1168,178,136,2024-05-26,1,Apple Pay
1169,10,147,2024-11-16,3,Paypal
1170,95,107,2024-03-25,5,Apple Pay
1171,142,105,2024-10-11,5,Debit Card
1172,84,129,2024-02-10,1,Apple Pay
1173,114,118,2024-02-01,1,Credit Card
1174,65,131,2025-01-19,1,Debit Card
1175,83,135,2024-12-10,5,Apple Pay
1176,35,147,2024-09-09,5,Paypal
1177,147,106,2024-10-29,4,Paypal
1178,150,149,2024-12-29,3,Apple Pay
1179,172,150,2025-01-09,3,Paypal
1180,151,138,2024-02-08,4,Credit Card
1181,24,145,2024-02-01,3,Paypal
1182,158,143,2024-03-07,3,Paypal
1183,149,142,2024-11-15,3,Apple Pay
1184,199,115,2025-04-27,3,Debit Card
1185,125,138,2024-09-18,3,Paypal
1186,61,122,2024-05-20,2,Debit Card
1187,54,142,2024-04-17,2,Paypal
1188,103,127,2024-07-23,3,Credit Card
1189,133,108,2025-04-24,4,Debit Card
1190,101,144,2024-08-22,5,Debit Card
1191,42,129,2024-01-28,3,Apple Pay
1192,59,128,2024-12-20,3,Paypal
1193,19,117,2025-03-10,4,Apple Pay
1194,107,113,2024-11-20,4,Debit Card
1195,5,123,2024-01-31,5,Paypal
1196,48,123,2024-07-16,2,Apple Pay
1197,183,110,2024-08-30,4,Credit Card
1198,95,105,2024-12-31,5,Debit Card
1199,46,101,2024-07-11,2,Apple Pay
1200,79,116,2024-03-24,3,Credit Card
1201,138,119,2024-10-20,4,Credit Card
1202,15,139,2024-08-23,4,Debit Card
1203,57,107,2025-01-26,3,Credit Card
1204,171,146,2025-03-11,3,Paypal
1205,147,114,2025-05-03,4,Credit Card
1206,113,113,2024-09-22,1,Paypal
1207,186,130,2024-07-29,5,Apple Pay
1208,136,148,2024-10-21,3,Debit Card
1209,138,142,2024-03-11,3,Credit Card
1210,14,127,2024-12-25,1,Apple Pay
1211,3,101,2024-08-10,1,Credit Card
1212,117,104,2025-01-26,5,Paypal
1213,37,113,2024-04-08,5,Apple Pay
1214,93,122,2024-04-15,1,Debit Card
1215,87,118,2024-11-30,3,Paypal
1216,39,127,2024-03-09,2,Paypal
1217,74,106,2024-08-12,4,Credit Card
1218,138,134,2025-05-11,4,Paypal
1219,178,126,2024-12-02,3,Credit Card
1220,115,136,2024-11-24,2,Debit Card
1221,101,111,2024-08-10,1,Credit Card
1222,9,143,2024-11-20,4,Credit Card
1223,69,119,2024-07-13,3,Credit Card
1224,67,149,2024-10-02,2,Credit Card
1225,91,150,2024-10-08,3,Paypal
1226,70,124,2024-08-04,2,Credit Card
1227,32,108,2025-01-05,2,Paypal
1228,76,114,2024-09-19,3,Debit Card
1229,133,126,2024-03-28,2,Credit Card
1230,179,102,2024-08-08,4,Apple Pay
1231,169,111,2024-07-01,1,Credit Card
1232,72,130,2024-02-10,1,Paypal
1233,30,116,2024-01-14,2,Paypal
1234,193,106,2024-09-26,5,Paypal
1235,50,121,2024-07-25,5,Debit Card
1236,91,132,2024-02-02,5,Paypal
1237,158,103,2024-11-04,2,Credit Card
1238,134,112,2024-04-06,5,Apple Pay
1239,61,143,2024-03-04,1,Credit Card
1240,132,106,2024-03-17,1,Paypal
1241,112,128,2024-08-13,5,Apple Pay
1242,1,109,2024-02-14,1,Debit Card
1243,151,128,2025-02-01,2,Paypal
1244,112,147,2024-02-08,2,Credit Card
1245,29,111,2024-05-10,2,Debit Card
1246,193,142,2024-01-26,2,Debit Card
1247,106,104,2025-01-26,4,Credit Card
1248,94,105,2024-02-01,5,Paypal
1249,75,139,2025-04-17,5,Apple Pay
1250,136,123,2024-11-29,4,Credit Card
1251,13,123,2024-07-14,2,Apple Pay
1252,123,107,2024-03-26,4,Paypal
1253,59,130,2025-04-26,3,Paypal
1254,183,108,2024-12-03,1,Paypal
1255,152,120,2024-03-01,4,Paypal
1256,52,101,2025-01-10,3,Apple Pay
1257,28,120,2024-02-14,4,Paypal
1258,191,110,2024-04-29,4,Credit Card
1259,48,119,2024-03-14,3,Credit Card
1260,34,115,2024-08-09,2,Apple Pay
1261,47,147,2024-04-29,5,Apple Pay
1262,139,114,2025-02-21,4,Credit Card
1263,144,106,2024-08-02,5,Apple Pay
1264,134,113,2024-05-11,5,Paypal
1265,89,130,2024-02-21,2,Credit Card
1266,168,118,2024-07-01,3,Debit Card
1267,110,101,2024-11-25,1,Paypal
1268,123,129,2024-04-16,1,Credit Card
1269,114,102,2024-11-22,5,Apple Pay
1270,42,111,2024-01-24,5,Debit Card
1271,94,105,2024-07-23,1,Apple Pay
1272,112,125,2024-02-18,1,Credit Card
1273,150,114,2024-02-01,4,Credit Card
1274,135,102,2024-04-14,1,Credit Card
1275,127,134,2024-07-13,1,Debit Card
1276,89,112,2025-01-08,5,Credit Card
1277,171,135,2024-05-19,2,Credit Card
1278,35,139,2024-03-30,5,Debit Card
1279,55,123,2024-04-28,2,Apple Pay
1280,12,117,2024-06-07,2,Apple Pay
1281,127,116,2024-04-05,5,Debit Card
1282,155,133,2024-08-31,4,Credit Card
1283,191,121,2024-11-13,5,Credit Card
1284,10,142,2025-04-15,1,Apple Pay
1285,125,116,2024-09-16,3,Credit Card
1286,116,135,2024-02-26,3,Debit Card
1287,119,146,2024-04-06,2,Apple Pay
1288,177,118,2024-06-18,5,Paypal
1289,40,124,2024-02-18,3,Apple Pay
1290,29,118,2025-03-07,4,Paypal
1291,23,144,2025-02-17,1,Paypal
1292,189,117,2025-04-27,2,Paypal
1293,105,129,2024-12-02,1,Paypal
1294,58,123,2024-06-10,1,Debit Card
1295,174,131,2024-09-30,3,Paypal
1296,53,149,2024-05-06,5,Apple Pay
1297,11,112,2025-02-22,2,Apple Pay
1298,124,134,2024-04-29,2,Credit Card
1299,146,109,2024-10-10,1,Debit Card
1300,1,135,2025-01-21,3,Debit Card
1301,190,109,2024-05-28,2,Credit Card
1302,191,113,2024-11-11,1,Credit Card
1303,105,125,2025-04-05,5,Paypal
1304,133,126,2024-10-27,4,Apple Pay
1305,38,138,2024-08-19,3,Credit Card
1306,48,150,2024-01-24,2,Apple Pay
1307,160,107,2024-07-06,1,Paypal
1308,125,126,2025-04-17,5,Apple Pay
1309,171,147,2024-11-17,2,Paypal
1310,113,142,2025-03-06,4,Paypal
1311,20,131,2025-04-24,3,Debit Card
1312,76,115,2025-02-19,1,Credit Card
1313,78,106,2024-01-21,2,Credit Card
1314,25,144,2024-12-16,1,Apple Pay
1315,21,107,2024-09-15,4,Debit Card
1316,61,143,2024-06-17,4,Paypal
1317,63,109,2024-09-04,1,Debit Card
1318,85,149,2024-03-25,1,Apple Pay
1319,171,137,2025-05-05,1,Apple Pay
1320,123,107,2024-03-09,3,Apple Pay
1321,44,135,2025-01-28,5,Paypal
1322,183,150,2024-04-11,1,Paypal
1323,98,109,2025-03-28,5,Credit Card
1324,52,109,2024-07-10,2,Debit Card
1325,190,137,2024-09-09,3,Credit Card
1326,9,143,2024-09-30,1,Credit Card
1327,191,145,2025-04-08,4,Debit Card
1328,176,139,2024-03-04,1,Credit Card
1329,5,133,2024-05-12,4,Apple Pay
1330,21,130,2024-12-07,4,Apple Pay
1331,70,147,2024-04-08,3,Debit Card
1332,116,149,2024-09-04,1,Paypal
1333,31,147,2024-10-20,4,Credit Card
1334,127,119,2024-08-07,5,Paypal
1335,25,103,2025-01-23,4,Credit Card
1336,54,104,2024-10-08,3,Paypal
1337,154,122,2024-03-18,2,Credit Card
1338,38,114,2024-01-10,1,Credit Card
1339,152,149,2024-07-02,4,Paypal
1340,114,131,2025-04-03,3,Apple Pay
1341,23,105,2024-06-14,4,Apple Pay
1342,81,139,2024-12-22,1,Debit Card
1343,180,102,2024-05-29,4,Apple Pay
1344,93,110,2024-04-23,3,Credit Card
1345,183,136,2024-12-27,1,Credit Card
1346,88,130,2025-04-18,2,Apple Pay
1347,194,145,2025-01-28,2,Paypal
1348,6,103,2024-10-23,2,Credit Card
1349,152,128,2025-02-21,3,Paypal
1350,19,134,2024-12-25,2,Paypal
1351,1,124,2024-03-27,2,Debit Card
1352,140,141,2024-09-15,2,Apple Pay
1353,166,145,2025-03-28,5,Paypal
1354,85,131,2024-11-11,4,Debit Card
1355,160,107,2024-02-22,2,Apple Pay
1356,88,150,2025-03-03,1,Paypal
1357,133,125,2025-05-10,1,Apple Pay
1358,95,149,2024-11-20,4,Debit Card
1359,149,113,2024-05-09,1,Apple Pay
1360,74,122,2025-02-05,3,Debit Card
1361,70,131,2024-07-28,1,Debit Card
1362,88,150,2025-02-02,3,Paypal
1363,60,127,2025-03-28,2,Apple Pay
1364,42,107,2025-04-08,3,Apple Pay
1365,128,128,2024-07-26,4,Apple Pay
1366,95,131,2025-03-16,2,Credit Card
1367,148,129,2025-01-10,2,Debit Card
1368,59,133,2025-05-10,3,Credit Card
1369,123,133,2024-03-25,2,Apple Pay
1370,180,117,2024-01-04,2,Paypal
1371,7,150,2024-08-20,4,Debit Card
1372,130,132,2024-11-20,1,Credit Card
1373,119,132,2024-12-06,2,Apple Pay
1374,147,120,2024-07-18,2,Debit Card
1375,14,135,2025-04-19,5,Apple Pay
1376,15,107,2024-07-28,3,Apple Pay
1377,177,104,2024-08-05,5,Paypal
1378,111,146,2025-03-23,5,Debit Card
1379,23,114,2025-05-07,1,Debit Card
1380,146,114,2024-09-27,4,Credit Card
1381,145,136,2025-04-30,2,Paypal
1382,192,128,2024-04-24,3,Debit Card
1383,133,139,2024-03-16,3,Apple Pay
1384,2,125,2024-05-11,5,Debit Card
1385,102,122,2024-07-07,5,Paypal
1386,22,123,2025-02-05,5,Apple Pay
1387,72,120,2024-04-26,3,Paypal
1388,194,147,2025-01-13,2,Debit Card
1389,142,131,2024-06-07,4,Credit Card
1390,136,143,2024-01-27,4,Paypal
1391,122,122,2024-02-28,4,Credit Card
1392,23,124,2024-11-24,3,Apple Pay
1393,48,102,2024-08-05,3,Paypal
1394,157,105,2025-02-28,5,Paypal
1395,62,145,2025-01-18,2,Paypal
1396,112,108,2024-07-05,3,Debit Card
1397,134,140,2024-03-30,1,Debit Card
1398,97,132,2025-03-24,5,Paypal
1399,110,126,2024-06-18,3,Apple Pay
1400,48,144,2024-03-24,3,Apple Pay
1401,22,150,2024-02-29,1,Paypal
1402,104,117,2024-04-15,5,Apple Pay
1403,117,135,2025-01-24,5,Apple Pay
1404,87,128,2024-02-25,3,Credit Card
1405,181,140,2025-01-25,3,Debit Card
1406,98,105,2024-12-17,3,Paypal
1407,195,118,2024-08-24,1,Debit Card
1408,67,122,2024-08-20,5,Debit Card
1409,47,107,2024-12-26,2,Apple Pay
1410,51,122,2024-10-06,5,Debit Card
1411,31,138,2024-09-03,4,Debit Card
1412,33,112,2025-01-29,3,Apple Pay
1413,122,146,2024-08-02,4,Credit Card
1414,176,117,2025-05-15,1,Paypal
1415,101,122,2024-12-15,1,Debit Card
1416,163,144,2024-08-20,1,Paypal
1417,143,109,2024-06-26,5,Paypal
1418,109,117,2024-08-04,1,Paypal
1419,171,112,2024-11-24,1,Credit Card
1420,108,114,2024-07-12,1,Apple Pay
1421,60,135,2025-02-19,5,Credit Card
1422,38,105,2025-02-19,2,Apple Pay
1423,23,131,2024-10-22,2,Apple Pay
1424,76,149,2025-01-18,2,Credit Card
1425,82,123,2024-04-23,5,Paypal
1426,133,137,2025-01-12,4,Credit Card
1427,2,104,2024-07-12,5,Paypal
1428,111,130,2024-02-01,3,Paypal
1429,70,111,2025-03-19,4,Apple Pay
1430,169,129,2024-11-23,1,Apple Pay
1431,192,134,2024-03-05,2,Apple Pay
1432,122,140,2025-04-11,4,Debit Card
1433,33,113,2024-07-30,4,Credit Card
1434,148,133,2024-02-25,5,Credit Card
1435,171,140,2024-05-02,2,Credit Card
1436,36,140,2025-01-21,5,Apple Pay
1437,197,114,2024-09-30,3,Debit Card
1438,96,150,2024-02-12,1,Paypal
1439,83,103,2024-08-22,1,Paypal
1440,153,111,2024-09-26,3,Apple Pay
1441,181,144,2024-05-06,4,Debit Card
1442,135,137,2025-01-05,5,Paypal
1443,56,148,2024-10-11,4,Debit Card
1444,45,120,2024-12-11,3,Apple Pay
1445,5,108,2024-05-30,2,Apple Pay
1446,187,109,2024-07-18,1,Debit Card
1447,5,105,2024-09-26,5,Credit Card
1448,55,149,2025-03-15,5,Paypal
1449,164,138,2024-01-26,3,Debit Card
1450,75,130,2024-09-16,1,Paypal
1451,88,136,2024-09-27,1,Credit Card
1452,69,123,2024-12-06,4,Paypal
1453,90,103,2024-04-24,1,Paypal
1454,78,148,2024-09-04,3,Debit Card
1455,136,110,2024-02-03,4,Apple Pay
1456,88,147,2024-02-08,4,Credit Card
1457,3,134,2025-02-23,5,Debit Card
1458,99,146,2024-09-19,1,Debit Card
1459,156,131,2025-05-11,1,Paypal
1460,167,132,2024-09-24,3,Apple Pay
1461,121,131,2024-02-05,1,Credit Card
1462,73,104,2025-04-16,1,Credit Card
1463,182,139,2024-05-07,5,Paypal
1464,91,134,2025-01-09,3,Credit Card
1465,127,120,2024-06-12,1,Credit Card
1466,97,132,2025-01-17,3,Paypal
1467,84,102,2024-07-29,3,Credit Card
1468,182,128,2024-05-09,3,Apple Pay
1469,166,105,2025-01-12,3,Credit Card
1470,38,128,2024-06-17,5,Debit Card
1471,118,110,2024-03-07,5,Apple Pay
1472,117,122,2025-04-28,2,Apple Pay
1473,17,118,2024-06-02,4,Apple Pay
1474,56,130,2024-10-20,5,Credit Card
1475,186,113,2024-11-04,4,Debit Card
1476,38,118,2024-04-20,2,Debit Card
1477,162,124,2024-11-07,5,Apple Pay
1478,169,108,2024-07-03,4,Credit Card
1479,49,142,2024-10-10,1,Paypal
1480,67,104,2025-03-09,3,Apple Pay
1481,71,116,2024-06-23,4,Debit Card
1482,77,103,2024-01-24,5,Debit Card
1483,176,134,2024-11-30,1,Paypal
1484,139,135,2024-06-08,3,Debit Card
1485,148,101,2024-01-01,2,Apple Pay
1486,172,148,2025-03-20,1,Paypal
1487,68,144,2024-10-15,4,Apple Pay
1488,125,128,2024-05-18,1,Credit Card
1489,68,108,2024-04-15,5,Debit Card
1490,112,115,2024-03-13,1,Apple Pay
1491,7,115,2024-01-28,2,Credit Card
1492,189,137,2024-06-07,3,Apple Pay
1493,71,101,2024-11-22,2,Credit Card
1494,68,135,2024-11-14,2,Paypal
1495,28,140,2025-02-07,4,Credit Card
1496,180,104,2025-03-07,2,Credit Card
1497,41,104,2024-09-09,1,Debit Card
1498,90,116,2024-12-22,5,Credit Card
1499,86,136,2024-03-20,5,Credit Card
1500,2,139,2024-10-19,3,Paypal
1501,108,114,2024-08-12,3,Apple Pay
1502,176,145,2025-04-24,2,Debit Card
1503,67,107,2024-05-09,4,Paypal
1504,90,114,2024-11-08,2,Paypal
1505,179,114,2024-04-02,1,Credit Card
1506,105,139,2024-05-30,2,Apple Pay
1507,81,143,2025-02-06,2,Apple Pay
1508,17,102,2025-05-12,3,Apple Pay
1509,74,129,2024-12-04,4,Debit Card
1510,94,109,2024-10-30,3,Apple Pay
1511,74,116,2025-03-13,5,Debit Card
1512,108,117,2024-12-01,1,Debit Card
1513,152,118,2024-09-10,5,Credit Card
1514,126,149,2024-07-25,5,Apple Pay
1515,41,131,2024-09-19,2,Apple Pay
1516,108,124,2024-12-29,5,Paypal
1517,158,134,2024-09-07,5,Paypal
1518,96,107,2024-10-02,2,Paypal
1519,72,142,2024-09-23,5,Paypal
1520,61,150,2024-03-19,3,Apple Pay
1521,185,129,2024-06-05,3,Paypal
1522,86,136,2024-11-10,3,Credit Card
1523,160,109,2024-03-13,4,Apple Pay
1524,157,122,2024-08-03,5,Apple Pay
1525,35,126,2024-12-02,5,Apple Pay
1526,130,113,2024-09-28,3,Apple Pay
1527,167,148,2024-08-09,4,Apple Pay
1528,142,147,2024-04-06,3,Apple Pay
1529,102,119,2025-04-16,3,Paypal
1530,31,122,2024-11-15,5,Debit Card
1531,120,133,2024-08-07,5,Apple Pay
1532,9,114,2025-04-16,4,Paypal
1533,26,139,2024-09-28,3,Paypal
1534,118,111,2025-02-02,2,Credit Card
1535,18,116,2025-02-26,5,Apple Pay
1536,2,115,2024-09-02,5,Paypal
1537,54,129,2024-03-18,1,Debit Card
1538,129,135,2024-12-05,4,Paypal
1539,147,111,2024-10-12,3,Credit Card
1540,53,118,2024-01-19,4,Credit Card
1541,176,113,2024-03-15,2,Debit Card
1542,26,128,2025-02-07,3,Apple Pay
1543,159,145,2024-04-05,5,Paypal
1544,19,123,2025-04-02,1,Paypal
1545,119,116,2024-03-16,5,Credit Card
1546,3,114,2024-01-09,2,Paypal
1547,70,118,2024-03-01,1,Credit Card
1548,161,140,2025-05-12,3,Paypal
1549,20,140,2024-10-28,2,Credit Card
1550,198,122,2024-02-08,3,Debit Card
1551,18,112,2024-12-31,5,Credit Card
1552,93,145,2025-02-19,3,Apple Pay
1553,63,108,2024-01-21,4,Debit Card
1554,74,131,2024-03-07,5,Debit Card
1555,171,148,2024-03-18,5,Debit Card
1556,164,135,2025-04-15,4,Paypal
1557,160,133,2025-02-14,5,Credit Card
1558,5,136,2024-01-04,4,Debit Card
1559,134,101,2025-03-12,3,Paypal
1560,100,115,2024-08-28,4,Debit Card
1561,128,142,2025-03-22,4,Paypal
1562,40,129,2025-04-04,5,Debit Card
1563,135,136,2025-04-21,4,Apple Pay
1564,200,120,2024-05-27,1,Debit Card
1565,63,119,2024-02-19,3,Paypal
1566,104,129,2024-01-30,1,Paypal
1567,187,101,2025-03-01,4,Apple Pay
1568,141,150,2024-05-06,2,Credit Card
1569,128,125,2025-05-15,4,Debit Card
1570,199,129,2024-03-25,1,Apple Pay
1571,78,117,2024-02-19,2,Paypal
1572,1,128,2024-04-10,3,Debit Card
1573,143,130,2024-04-29,1,Credit Card
1574,13,102,2025-01-17,2,Credit Card
1575,103,131,2024-12-17,4,Debit Card
1576,127,111,2024-07-13,5,Apple Pay
1577,139,127,2025-03-11,5,Debit Card
1578,178,135,2024-07-21,1,Apple Pay
1579,196,125,2025-04-16,2,Credit Card
1580,63,137,2024-07-09,1,Credit Card
1581,160,120,2024-03-08,3,Credit Card
1582,194,120,2024-07-13,1,Apple Pay
1583,24,138,2025-02-22,1,Credit Card
1584,13,112,2024-02-17,5,Paypal
1585,16,106,2025-05-09,4,Apple Pay
1586,161,111,2024-10-04,4,Apple Pay
1587,89,147,2024-10-12,4,Apple Pay
1588,54,116,2025-01-19,5,Debit Card
1589,182,106,2025-03-13,3,Apple Pay
1590,48,144,2024-04-20,5,Debit Card
1591,66,120,2025-04-08,5,Paypal
1592,187,117,2024-03-02,3,Credit Card
1593,192,142,2024-05-29,1,Debit Card
1594,175,145,2025-02-15,1,Apple Pay
1595,150,109,2024-05-10,3,Debit Card
1596,58,149,2025-05-12,5,Debit Card
1597,133,108,2024-01-23,3,Debit Card
1598,128,129,2024-08-15,4,Credit Card
1599,18,125,2024-12-19,3,Debit Card
1600,191,113,2025-05-10,1,Apple Pay
1601,7,137,2025-03-05,2,Paypal
1602,84,131,2025-02-07,5,Apple Pay
1603,46,135,2024-08-15,5,Credit Card
1604,82,104,2024-08-24,2,Apple Pay
1605,165,149,2024-08-11,3,Apple Pay
1606,60,127,2024-01-11,1,Credit Card
1607,41,104,2024-08-10,4,Credit Card
1608,81,114,2024-07-01,5,Debit Card
1609,133,134,2025-01-16,5,Apple Pay
1610,176,130,2024-03-09,1,Apple Pay
1611,160,117,2024-03-03,5,Apple Pay
1612,118,107,2024-10-18,1,Credit Card
1613,137,118,2025-01-20,1,Apple Pay
1614,132,126,2025-02-23,5,Debit Card
1615,179,131,2024-09-03,1,Apple Pay
1616,44,103,2024-02-26,2,Paypal
1617,164,129,2025-04-03,2,Paypal
1618,97,133,2025-04-17,5,Apple Pay
1619,21,127,2025-01-26,2,Paypal
1620,1,131,2025-02-02,2,Debit Card
1621,117,101,2025-02-18,2,Credit Card
1622,6,108,2024-11-22,4,Apple Pay
1623,99,122,2025-03-09,3,Credit Card
1624,113,125,2025-05-14,3,Apple Pay
1625,20,103,2024-05-14,4,Paypal
1626,30,144,2025-03-11,3,Paypal
1627,138,128,2025-02-22,5,Debit Card
1628,89,126,2024-12-28,1,Paypal
1629,156,116,2025-02-03,1,Paypal
1630,77,130,2024-12-07,2,Debit Card
1631,167,136,2024-07-11,2,Credit Card
1632,47,106,2024-06-07,1,Credit Card
1633,139,117,2025-01-13,1,Credit Card
1634,139,116,2024-07-07,2,Credit Card
1635,115,104,2025-01-07,3,Credit Card
1636,138,130,2024-03-23,4,Credit Card
1637,124,128,2024-11-25,3,Paypal
1638,173,147,2025-01-22,5,Credit Card
1639,118,120,2025-04-24,2,Apple Pay
1640,99,142,2024-10-25,4,Apple Pay
1641,171,111,2024-01-09,3,Paypal
1642,65,119,2025-05-14,5,Apple Pay
1643,146,109,2024-05-13,2,Apple Pay
1644,13,105,2024-02-16,5,Paypal
1645,177,140,2024-08-17,2,Apple Pay
1646,170,131,2024-07-06,3,Debit Card
1647,12,103,2024-02-19,4,Paypal
1648,28,112,2024-02-29,1,Apple Pay
1649,19,146,2025-03-19,2,Paypal
1650,171,114,2024-06-21,1,Debit Card
1651,115,145,2024-06-02,3,Credit Card
1652,137,114,2024-11-01,5,Credit Card
1653,194,113,2024-02-18,5,Apple Pay
1654,132,135,2024-05-10,5,Credit Card
1655,102,129,2024-06-18,1,Debit Card
1656,96,118,2025-04-07,1,Credit Card
1657,82,105,2024-02-03,4,Apple Pay
1658,74,137,2024-09-26,2,Credit Card
1659,154,107,2024-04-24,3,Debit Card
1660,18,103,2025-04-07,4,Apple Pay
1661,3,143,2025-03-04,3,Apple Pay
1662,51,142,2024-12-24,4,Apple Pay
1663,63,138,2025-03-29,3,Apple Pay
1664,71,150,2024-11-24,3,Credit Card
1665,85,139,2024-11-30,3,Apple Pay
1666,52,135,2024-04-22,3,Apple Pay
1667,52,111,2024-11-27,4,Paypal
1668,176,121,2024-03-16,5,Apple Pay
1669,114,109,2025-02-14,2,Debit Card
1670,51,112,2024-05-25,4,Paypal
1671,124,143,2024-08-11,1,Credit Card
1672,9,132,2025-03-25,3,Debit Card
1673,187,106,2024-10-04,2,Debit Card
1674,173,118,2024-04-07,2,Paypal
1675,43,144,2024-07-05,2,Apple Pay
1676,38,119,2024-04-26,5,Paypal
1677,65,103,2025-01-16,2,Debit Card
1678,146,145,2024-01-25,4,Debit Card
1679,87,136,2025-01-26,4,Paypal
1680,16,140,2024-06-01,1,Credit Card
1681,160,143,2024-04-22,4,Paypal
1682,138,115,2024-04-17,2,Paypal
1683,120,110,2025-04-25,5,Paypal
1684,107,147,2024-09-20,4,Apple Pay
1685,121,146,2025-04-13,5,Paypal
1686,168,124,2024-04-13,4,Apple Pay
1687,92,138,2024-03-21,5,Debit Card
1688,86,133,2024-01-09,3,Credit Card
1689,27,119,2024-02-25,3,Apple Pay
1690,69,139,2025-01-11,4,Debit Card
1691,87,145,2025-01-10,3,Apple Pay
1692,89,132,2025-03-11,4,Credit Card
1693,68,111,2024-02-28,4,Debit Card
1694,6,122,2024-02-07,1,Paypal
1695,157,106,2024-02-21,2,Paypal
1696,64,108,2024-09-29,3,Debit Card
1697,142,138,2024-12-02,5,Debit Card
1698,189,110,2025-02-05,5,Debit Card
1699,8,105,2024-12-02,3,Paypal
1700,26,121,2024-06-28,4,Apple Pay
1701,186,120,2024-03-05,3,Credit Card
1702,113,146,2024-07-12,4,Apple Pay
1703,87,124,2025-01-07,2,Paypal
1704,146,111,2024-03-09,4,Credit Card
1705,25,131,2024-08-23,3,Credit Card
1706,186,116,2024-12-18,2,Apple Pay
1707,194,131,2024-09-19,5,Paypal
1708,28,104,2024-01-22,1,Paypal
1709,56,143,2024-06-27,2,Credit Card
1710,136,119,2025-02-16,1,Paypal
1711,167,133,2025-01-06,2,Debit Card
1712,196,141,2024-11-21,1,Apple Pay
1713,141,147,2025-01-14,2,Credit Card
1714,94,121,2025-04-28,3,Credit Card
1715,105,128,2024-01-12,5,Debit Card
1716,70,101,2024-12-08,4,Apple Pay
1717,56,126,2025-04-22,5,Paypal
1718,56,150,2024-10-16,2,Debit Card
1719,190,114,2024-10-31,1,Apple Pay
1720,124,144,2024-09-19,5,Paypal
1721,162,138,2025-04-28,1,Paypal
1722,137,141,2024-02-22,1,Apple Pay
1723,11,135,2025-02-20,3,Debit Card
1724,145,124,2025-03-10,2,Debit Card
1725,4,102,2024-06-08,1,Apple Pay
1726,16,120,2025-02-12,5,Paypal
1727,54,149,2025-05-07,3,Apple Pay
1728,155,108,2024-11-07,1,Debit Card
1729,150,125,2025-01-14,2,Paypal
1730,109,124,2025-02-06,3,Credit Card
1731,99,139,2024-09-01,2,Debit Card
1732,50,117,2024-03-31,4,Apple Pay
1733,123,149,2024-09-01,3,Paypal
1734,69,134,2024-11-10,3,Debit Card
1735,134,143,2024-11-09,1,Paypal
1736,147,138,2024-12-05,1,Credit Card
1737,113,139,2024-08-22,3,Debit Card
1738,57,114,2024-07-06,5,Debit Card
1739,177,102,2024-05-09,4,Credit Card
1740,194,107,2024-07-22,4,Paypal
1741,147,127,2024-02-21,1,Paypal
1742,89,112,2024-08-10,4,Credit Card
1743,73,150,2024-10-11,1,Credit Card
1744,18,130,2024-05-15,5,Credit Card
1745,64,144,2024-11-01,2,Paypal
1746,12,135,2024-04-08,1,Debit Card
1747,84,129,2025-05-11,5,Paypal
1748,125,138,2024-06-13,2,Paypal
1749,137,135,2025-04-12,5,Credit Card
1750,98,107,2025-01-22,5,Credit Card
1751,109,103,2024-08-04,4,Debit Card
1752,53,116,2025-05-02,4,Credit Card
1753,28,101,2024-09-28,4,Debit Card
1754,138,108,2025-01-21,3,Debit Card
1755,20,124,2024-08-29,3,Paypal
1756,154,101,2024-05-09,5,Paypal
1757,82,148,2024-08-18,4,Apple Pay
1758,66,118,2024-11-30,2,Credit Card
1759,125,110,2024-04-15,1,Credit Card
1760,47,127,2024-04-03,4,Paypal
1761,177,128,2024-07-01,2,Debit Card
1762,38,109,2024-10-04,2,Credit Card
1763,76,129,2025-03-30,4,Apple Pay
1764,147,149,2024-12-29,1,Debit Card
1765,140,108,2025-01-23,5,Credit Card
1766,198,102,2024-01-27,2,Credit Card
1767,64,149,2024-09-23,5,Paypal
1768,43,135,2024-09-30,3,Apple Pay
1769,52,150,2024-09-27,4,Debit Card
1770,40,147,2024-12-15,5,Paypal
1771,117,103,2024-12-16,3,Credit Card
1772,190,103,2025-03-31,4,Apple Pay
1773,174,143,2024-06-21,4,Paypal
1774,38,109,2025-03-19,2,Apple Pay
1775,174,106,2025-04-20,3,Apple Pay
1776,169,118,2024-07-13,4,Paypal
1777,174,149,2024-07-06,5,Debit Card
1778,160,104,2024-04-05,1,Debit Card
1779,191,146,2024-04-01,5,Credit Card
1780,181,125,2024-04-11,5,Apple Pay
1781,185,131,2024-05-03,1,Paypal
1782,110,136,2024-02-14,1,Debit Card
1783,59,128,2024-04-17,4,Apple Pay
1784,64,140,2025-01-06,4,Paypal
1785,165,108,2024-10-25,5,Credit Card
1786,135,150,2025-01-17,3,Apple Pay
1787,81,111,2025-01-18,1,Paypal
1788,29,144,2025-01-27,5,Credit Card
1789,4,132,2025-03-30,4,Credit Card
1790,75,146,2025-04-13,3,Debit Card
1791,141,138,2024-12-01,4,Credit Card
1792,38,111,2024-03-06,1,Credit Card
1793,24,129,2024-12-11,1,Paypal
1794,106,137,2024-03-19,3,Apple Pay
1795,20,141,2024-01-03,1,Credit Card
1796,65,119,2025-01-04,1,Credit Card
1797,173,107,2024-07-30,1,Credit Card
1798,153,123,2024-10-19,5,Credit Card
1799,52,118,2025-01-05,2,Credit Card
1800,192,138,2024-08-29,5,Credit Card
1801,76,113,2024-04-30,2,Debit Card
1802,75,108,2024-06-13,2,Apple Pay
1803,177,122,2025-04-12,5,Paypal
1804,137,117,2025-05-10,4,Debit Card
1805,136,148,2025-03-01,1,Debit Card
1806,77,138,2025-01-09,2,Credit Card
1807,80,129,2024-07-18,2,Debit Card
1808,18,102,2024-04-20,2,Credit Card
1809,119,116,2025-05-15,4,Debit Card
1810,200,133,2025-01-18,3,Apple Pay
1811,8,117,2024-11-03,5,Debit Card
1812,133,106,2024-09-10,2,Debit Card
1813,192,147,2024-06-14,1,Paypal
1814,192,134,2024-11-25,1,Credit Card
1815,157,150,2025-01-02,2,Paypal
1816,185,110,2024-03-15,4,Debit Card
1817,178,105,2024-10-13,4,Paypal
1818,188,141,2024-12-17,5,Debit Card
1819,167,146,2024-01-13,1,Debit Card
1820,124,148,2025-02-17,1,Apple Pay
1821,66,145,2024-11-12,4,Paypal
1822,5,116,2024-10-09,5,Paypal
1823,170,144,2024-11-23,1,Debit Card
1824,56,105,2024-06-14,3,Credit Card
1825,136,129,2025-04-15,3,Apple Pay
1826,70,141,2024-04-27,3,Credit Card
1827,39,103,2024-08-29,2,Paypal
1828,146,105,2025-03-17,3,Credit Card
1829,136,116,2024-09-18,1,Paypal
1830,44,103,2024-10-13,3,Apple Pay
1831,179,105,2024-08-03,4,Paypal
1832,60,128,2024-08-16,2,Credit Card
1833,38,115,2024-03-19,3,Credit Card
1834,180,127,2025-02-08,4,Credit Card
1835,106,117,2025-02-23,2,Credit Card
1836,43,120,2024-01-11,5,Credit Card
1837,100,140,2024-04-16,3,Debit Card
1838,193,104,2024-01-13,1,Paypal
1839,86,128,2024-11-11,4,Apple Pay
1840,68,143,2024-09-10,2,Apple Pay
1841,45,126,2024-07-18,3,Debit Card
1842,39,116,2024-11-05,1,Apple Pay
1843,176,141,2024-05-16,4,Debit Card
1844,192,123,2024-08-14,3,Credit Card
1845,96,111,2024-12-04,4,Debit Card
1846,144,134,2024-10-04,1,Paypal
1847,136,113,2025-03-02,2,Apple Pay
1848,17,147,2024-08-22,2,Debit Card
1849,72,108,2024-02-04,4,Paypal
1850,178,127,2024-07-11,3,Apple Pay
1851,197,150,2025-02-22,4,Debit Card
1852,129,102,2024-09-23,3,Paypal
1853,71,114,2025-03-23,4,Debit Card
1854,112,146,2024-05-21,2,Credit Card
1855,129,108,2024-03-17,4,Credit Card
1856,142,132,2025-03-17,1,Paypal
1857,153,108,2024-10-16,3,Paypal
1858,180,147,2025-01-15,3,Credit Card
1859,159,117,2024-01-01,1,Debit Card
1860,119,127,2024-06-17,3,Credit Card
1861,151,101,2024-09-04,2,Credit Card
1862,49,147,2025-04-05,5,Credit Card
1863,33,146,2024-01-13,4,Paypal
1864,93,113,2025-01-30,3,Credit Card
1865,1,147,2024-06-13,3,Paypal
1866,76,120,2024-04-27,4,Debit Card
1867,52,140,2024-07-28,2,Debit Card
1868,35,129,2024-07-10,1,Debit Card
1869,161,120,2025-02-16,4,Apple Pay
1870,136,128,2025-03-29,1,Paypal
1871,180,124,2024-04-07,5,Credit Card
1872,100,141,2025-03-19,2,Credit Card
1873,135,116,2025-02-18,5,Paypal
1874,188,142,2024-08-28,1,Paypal
1875,162,143,2024-06-05,5,Paypal
1876,185,143,2024-03-02,5,Debit Card
1877,127,137,2024-05-19,2,Paypal
1878,50,123,2025-01-29,3,Paypal
1879,194,140,2024-02-10,2,Apple Pay
1880,116,115,2024-04-02,5,Paypal
1881,105,102,2024-02-03,3,Apple Pay
1882,86,128,2024-07-02,2,Paypal
1883,154,145,2025-04-18,5,Debit Card
1884,85,102,2024-03-19,1,Apple Pay
1885,49,102,2024-04-18,2,Paypal
1886,58,104,2024-09-18,3,Credit Card
1887,29,104,2024-01-28,5,Apple Pay
1888,134,120,2024-11-09,3,Apple Pay
1889,18,132,2025-05-02,2,Credit Card
1890,143,101,2024-05-07,3,Paypal
1891,114,107,2024-07-01,2,Credit Card
1892,142,107,2024-01-08,5,Credit Card
1893,79,139,2025-01-19,4,Apple Pay
1894,21,119,2024-05-23,5,Credit Card
1895,200,130,2024-01-11,4,Credit Card
1896,165,122,2025-03-05,3,Credit Card
1897,91,115,2024-11-21,5,Credit Card
1898,130,119,2025-02-03,4,Debit Card
1899,151,135,2025-05-13,4,Paypal
1900,174,137,2025-02-25,1,Debit Card
1901,161,127,2025-04-03,4,Paypal
1902,198,132,2024-12-25,5,Debit Card
1903,42,123,2025-03-17,5,Debit Card
1904,87,131,2025-01-19,2,Debit Card
1905,122,113,2024-03-16,1,Debit Card
1906,141,125,2025-05-02,3,Paypal
1907,151,148,2024-03-06,1,Credit Card
1908,154,133,2024-01-28,1,Apple Pay
1909,73,139,2024-05-16,4,Debit Card
1910,197,147,2025-04-28,5,Debit Card
1911,171,123,2024-10-15,4,Apple Pay
1912,105,116,2024-08-12,2,Credit Card
1913,56,142,2024-02-03,3,Paypal
1914,7,113,2024-06-22,2,Credit Card
1915,4,121,2025-02-19,1,Credit Card
1916,68,101,2024-02-01,2,Debit Card
1917,114,115,2024-10-06,1,Debit Card
1918,161,111,2025-04-03,5,Apple Pay
1919,161,132,2024-04-19,3,Paypal
1920,66,101,2024-10-07,1,Credit Card
1921,91,138,2024-10-02,2,Paypal
1922,71,110,2024-01-10,1,Paypal
1923,22,142,2024-08-03,5,Paypal
1924,113,147,2024-05-10,1,Credit Card
1925,66,115,2024-03-30,1,Paypal
1926,86,143,2025-04-09,2,Paypal
1927,22,104,2024-11-19,3,Apple Pay
1928,129,122,2024-04-29,4,Paypal
1929,104,113,2025-02-25,4,Apple Pay
1930,62,133,2024-07-05,3,Credit Card
1931,15,128,2025-04-09,2,Paypal
1932,23,146,2024-05-02,4,Credit Card
1933,99,124,2024-02-18,2,Debit Card
1934,185,124,2024-07-19,3,Paypal
1935,129,111,2024-03-27,1,Debit Card
1936,85,104,2024-02-25,2,Apple Pay
1937,184,124,2025-04-03,5,Paypal
1938,118,126,2024-11-20,4,Paypal
1939,165,117,2024-12-19,4,Credit Card
1940,16,123,2024-05-01,5,Credit Card
1941,17,106,2024-11-25,2,Apple Pay
1942,110,118,2024-07-10,3,Paypal
1943,100,101,2024-04-26,3,Apple Pay
1944,137,127,2024-11-22,2,Apple Pay
1945,42,139,2024-11-09,3,Credit Card
1946,56,105,2024-11-09,2,Credit Card
1947,185,106,2024-05-22,5,Debit Card
1948,133,122,2024-10-08,3,Apple Pay
1949,198,128,2024-09-27,2,Apple Pay
1950,131,106,2024-02-29,5,Debit Card
1951,71,108,2025-04-28,4,Apple Pay
1952,93,147,2024-06-24,1,Credit Card
1953,134,110,2024-08-27,2,Debit Card
1954,125,134,2024-08-29,3,Paypal
1955,164,122,2024-12-11,5,Apple Pay
1956,27,118,2024-06-30,2,Apple Pay
1957,176,149,2025-05-15,2,Credit Card
1958,92,115,2024-06-24,3,Paypal
1959,94,144,2024-02-06,3,Paypal
1960,5,135,2024-01-02,1,Debit Card
1961,46,128,2025-04-12,4,Debit Card
1962,111,108,2024-12-23,2,Credit Card
1963,125,147,2025-05-03,4,Credit Card
1964,45,143,2024-12-26,3,Credit Card
1965,20,143,2024-02-25,3,Debit Card
1966,48,106,2024-06-12,4,Paypal
1967,62,134,2024-10-30,4,Apple Pay
1968,156,104,2025-01-20,4,Apple Pay
1969,7,146,2024-08-09,2,Paypal
1970,185,112,2024-04-09,5,Paypal
1971,163,116,2024-05-18,1,Paypal
1972,65,131,2025-05-12,2,Paypal
1973,152,124,2025-01-10,3,Paypal
1974,117,115,2024-11-27,3,Credit Card
1975,83,110,2025-05-03,2,Apple Pay
1976,58,132,2024-03-07,1,Debit Card
1977,115,144,2024-11-04,4,Apple Pay
1978,122,114,2024-04-24,3,Apple Pay
1979,29,148,2024-05-02,2,Credit Card
1980,5,149,2024-09-02,4,Apple Pay
1981,18,145,2024-03-30,5,Credit Card
1982,30,114,2024-12-18,4,Debit Card
1983,63,122,2024-08-05,3,Paypal
1984,131,109,2024-11-08,5,Credit Card
1985,21,134,2025-02-11,2,Paypal
1986,80,148,2024-06-22,5,Paypal
1987,42,129,2025-01-05,1,Apple Pay
1988,62,126,2024-12-16,2,Debit Card
1989,194,127,2024-10-11,2,Credit Card
1990,88,146,2024-08-11,1,Apple Pay
1991,171,150,2025-03-08,1,Paypal
1992,196,101,2024-11-23,5,Apple Pay
1993,90,107,2025-04-19,2,Debit Card
1994,82,125,2025-04-20,1,Apple Pay
1995,171,115,2024-02-16,3,Debit Card
1996,200,120,2024-11-13,1,Debit Card
1997,125,104,2024-07-01,5,Debit Card
1998,12,119,2025-01-07,5,Paypal
1999,38,124,2024-08-25,3,Apple Pay
2000,194,142,2024-04-01,5,Apple Pay
2001,92,145,2024-04-12,2,Paypal
2002,190,111,2024-12-21,3,Debit Card
2003,56,135,2025-02-08,2,Credit Card
2004,109,119,2025-04-27,5,Paypal
2005,135,130,2024-05-11,3,Paypal
2006,193,135,2024-12-21,3,Paypal
2007,92,136,2024-03-11,1,Apple Pay
2008,6,150,2024-11-07,3,Paypal
2009,101,127,2024-01-06,1,Credit Card
2010,163,143,2024-08-25,3,Debit Card
2011,84,118,2025-01-05,5,Paypal
2012,79,123,2024-12-21,2,Credit Card
2013,4,125,2024-08-05,4,Credit Card
2014,101,106,2024-06-29,4,Apple Pay
2015,174,140,2025-02-11,3,Debit Card
2016,58,139,2024-12-08,4,Paypal
2017,105,106,2024-02-19,1,Paypal
2018,110,102,2024-11-12,1,Credit Card
2019,17,134,2024-01-19,4,Credit Card
2020,56,126,2024-03-11,3,Apple Pay
2021,50,146,2025-03-09,5,Credit Card
2022,48,149,2024-07-18,2,Debit Card
2023,125,108,2024-06-13,1,Apple Pay
2024,57,146,2024-10-16,2,Paypal
2025,92,134,2024-09-08,5,Paypal
2026,81,128,2025-03-12,5,Apple Pay
2027,135,109,2024-06-07,3,Debit Card
2028,179,119,2024-01-21,2,Credit Card
2029,47,112,2024-09-21,3,Debit Card
2030,107,103,2025-03-09,4,Debit Card
2031,129,137,2025-03-19,2,Debit Card
2032,174,119,2024-01-11,4,Debit Card
2033,120,129,2025-02-08,4,Debit Card
2034,104,145,2024-10-19,2,Paypal
2035,129,111,2024-02-09,4,Debit Card
2036,173,147,2024-05-18,3,Apple Pay
2037,69,110,2024-05-11,1,Credit Card
2038,75,150,2024-07-18,1,Apple Pay
2039,123,129,2024-03-22,5,Credit Card
2040,168,106,2025-04-28,3,Apple Pay
2041,198,135,2025-05-14,1,Debit Card
2042,15,124,2024-01-09,5,Paypal
2043,154,148,2025-02-12,2,Credit Card
2044,73,121,2024-08-15,2,Credit Card
2045,69,143,2024-01-01,5,Credit Card
2046,108,123,2025-02-16,2,Apple Pay
2047,149,150,2024-03-05,3,Credit Card
2048,61,145,2024-12-29,2,Apple Pay
2049,183,149,2024-09-24,1,Credit Card
2050,26,113,2024-08-02,1,Paypal
2051,131,129,2024-08-24,2,Debit Card
2052,1,102,2024-12-11,3,Apple Pay
2053,39,106,2024-05-04,1,Credit Card
2054,49,106,2024-10-13,1,Credit Card
2055,57,117,2024-01-21,3,Debit Card
2056,169,103,2025-02-22,4,Paypal
2057,194,106,2024-11-17,3,Apple Pay
2058,7,112,2024-06-28,3,Debit Card
2059,37,130,2024-05-08,5,Credit Card
2060,94,109,2025-02-16,3,Paypal
2061,191,141,2024-02-15,1,Paypal
2062,6,138,2025-03-13,1,Apple Pay
2063,44,129,2024-06-26,2,Paypal
2064,42,140,2024-06-14,1,Debit Card
2065,7,130,2024-09-25,5,Debit Card
2066,164,146,2025-03-30,4,Credit Card
2067,169,112,2024-01-18,2,Debit Card
2068,157,118,2024-09-22,4,Paypal
2069,44,131,2025-03-31,5,Debit Card
2070,6,122,2024-07-01,5,Apple Pay
2071,127,135,2024-05-23,1,Paypal
2072,88,123,2024-10-24,4,Paypal
2073,172,149,2025-03-15,2,Apple Pay
2074,71,138,2025-01-22,3,Credit Card
2075,64,147,2024-01-30,3,Paypal
2076,167,122,2025-05-15,1,Apple Pay
2077,172,118,2025-02-20,3,Debit Card
2078,124,114,2024-12-14,4,Paypal
2079,109,124,2024-10-26,1,Apple Pay
2080,100,123,2024-09-07,2,Apple Pay
2081,188,148,2025-04-23,4,Apple Pay
2082,168,112,2024-12-06,2,Debit Card
2083,158,103,2024-01-26,4,Credit Card
2084,31,141,2024-10-25,3,Paypal
2085,104,127,2024-09-27,4,Apple Pay
2086,36,109,2024-09-12,5,Debit Card
2087,91,117,2024-06-10,2,Paypal
2088,165,110,2025-02-15,2,Apple Pay
2089,121,129,2024-10-27,4,Paypal
2090,17,145,2024-11-23,2,Paypal
2091,126,145,2024-11-30,3,Paypal
2092,153,115,2024-06-30,4,Credit Card
2093,45,123,2024-06-18,5,Paypal
2094,171,126,2025-04-29,5,Debit Card
2095,160,123,2024-10-21,5,Apple Pay
2096,33,131,2025-03-10,2,Credit Card
2097,119,149,2024-08-14,3,Debit Card
2098,50,141,2024-05-23,1,Paypal
2099,161,114,2024-04-06,3,Credit Card
2100,57,120,2024-07-22,3,Apple Pay
2101,130,118,2024-03-29,1,Debit Card
2102,38,118,2024-03-01,5,Apple Pay
2103,4,101,2024-06-12,3,Apple Pay
2104,66,142,2024-12-25,4,Apple Pay
2105,193,122,2024-05-25,3,Credit Card
2106,15,126,2025-05-12,1,Apple Pay
2107,157,132,2025-03-07,4,Apple Pay
2108,5,121,2024-11-13,1,Debit Card
2109,130,128,2024-01-03,2,Debit Card
2110,179,139,2024-07-24,1,Apple Pay
2111,95,126,2024-01-15,2,Debit Card
2112,40,149,2024-02-19,2,Apple Pay
2113,172,101,2024-11-07,5,Apple Pay
2114,16,114,2024-11-27,5,Debit Card
2115,80,101,2024-02-09,5,Apple Pay
2116,43,142,2024-12-06,1,Apple Pay
2117,9,139,2024-11-18,2,Debit Card
2118,55,148,2025-02-28,1,Paypal
2119,159,103,2024-03-18,5,Apple Pay
2120,17,150,2024-08-29,2,Debit Card
2121,145,134,2024-07-17,4,Paypal
2122,193,148,2025-03-18,3,Credit Card
2123,81,105,2025-02-11,2,Paypal
2124,156,132,2025-02-07,1,Debit Card
2125,51,141,2024-02-10,5,Apple Pay
2126,84,115,2025-04-07,5,Apple Pay
2127,104,141,2024-08-12,1,Apple Pay
2128,10,130,2024-02-26,1,Credit Card
2129,173,117,2024-03-20,1,Debit Card
2130,35,102,2024-12-19,3,Apple Pay
2131,167,116,2024-03-09,5,Paypal
2132,51,127,2025-05-15,3,Apple Pay
2133,65,114,2024-02-22,4,Paypal
2134,91,140,2024-03-29,1,Credit Card
2135,55,112,2024-09-11,1,Credit Card
2136,109,146,2024-12-03,3,Apple Pay
2137,125,127,2025-01-05,3,Apple Pay
2138,116,113,2024-02-13,5,Credit Card
2139,140,115,2025-02-09,3,Credit Card
2140,67,126,2024-08-07,1,Apple Pay
2141,190,101,2025-01-09,5,Apple Pay
2142,187,103,2025-03-12,5,Paypal
2143,72,122,2024-01-27,3,Paypal
2144,105,112,2024-03-22,5,Debit Card
2145,23,150,2024-12-22,1,Apple Pay
2146,166,138,2025-01-15,1,Debit Card
2147,89,113,2025-01-22,4,Credit Card
2148,43,147,2024-05-27,3,Credit Card
2149,144,146,2024-12-10,1,Paypal
2150,109,134,2025-03-31,4,Apple Pay
2151,56,123,2024-07-28,4,Apple Pay
2152,18,117,2025-04-15,4,Apple Pay
2153,78,117,2024-01-28,2,Paypal
2154,49,125,2025-04-13,2,Credit Card
2155,55,108,2024-09-16,5,Paypal
2156,170,117,2024-08-18,5,Debit Card
2157,176,127,2024-08-27,3,Credit Card
2158,64,135,2025-01-09,5,Apple Pay
2159,22,143,2024-07-15,5,Debit Card
2160,146,132,2024-08-12,4,Debit Card
2161,145,140,2025-01-23,4,Apple Pay
2162,192,126,2024-10-23,3,Credit Card
2163,199,125,2024-01-29,3,Debit Card
2164,158,149,2024-06-26,5,Apple Pay
2165,193,126,2024-04-16,2,Apple Pay
2166,26,133,2024-03-03,4,Apple Pay
2167,138,137,2024-08-14,1,Apple Pay
2168,71,115,2024-07-19,2,Apple Pay
2169,186,121,2025-02-12,3,Debit Card
2170,64,106,2024-10-27,4,Credit Card
2171,4,135,2024-09-10,2,Paypal
2172,60,118,2024-06-18,4,Paypal
2173,47,133,2025-02-25,4,Paypal
2174,15,146,2024-06-16,5,Apple Pay
2175,50,144,2024-12-19,1,Paypal
2176,4,108,2024-09-08,4,Apple Pay
2177,71,123,2024-07-16,4,Credit Card
2178,125,145,2025-04-30,4,Apple Pay
2179,154,145,2024-02-12,4,Debit Card
2180,36,105,2025-01-16,4,Paypal
2181,163,104,2024-07-16,3,Credit Card
2182,102,118,2024-04-12,2,Paypal
2183,128,139,2024-12-27,1,Credit Card
2184,75,106,2024-09-01,4,Paypal
2185,23,141,2024-09-07,3,Debit Card
2186,63,129,2024-01-20,1,Paypal
2187,113,122,2024-06-24,3,Paypal
2188,179,102,2024-08-11,3,Credit Card
2189,25,120,2024-12-05,4,Debit Card
2190,112,137,2024-07-19,4,Debit Card
2191,92,132,2024-03-25,2,Debit Card
2192,11,117,2024-05-05,1,Apple Pay
2193,181,119,2024-03-01,5,Paypal
2194,190,150,2024-11-24,1,Apple Pay
2195,63,117,2024-12-23,5,Apple Pay
2196,84,129,2024-12-19,1,Credit Card
2197,154,118,2024-04-30,5,Debit Card
2198,164,114,2024-05-15,1,Credit Card
2199,70,113,2024-03-25,4,Paypal
2200,118,140,2024-04-14,5,Apple Pay
